letter,ThetaHat,ThetaDeg,ThetaRad,nt,nf,nm,km,kt,kd,ka,kz,qa,qt,qd,qs,qz,U,rho,AN,AK,AQ,hamzah_marker
ا,0,0,0,0,0,0,1,0,0,0,0,0,0,0,0,0,0,0,0,1,0,0
ب,2,180,π,1,0,0,0,0,0,0,0,1,0,0,0,0,0,2,1,0,1,0
ت,2,180,π,0,2,0,0,0,0,0,0,1,0,0,0,0,0,2,2,0,1,0
ث,2,180,π,0,3,0,0,0,0,0,0,1,0,0,0,0,0,2,3,0,1,0
ج,3,270,3π/2,0,0,1,0,1,0,0,0,1,0,0,0,0,0,3,1,1,1,0
ح,3,270,3π/2,0,0,0,0,1,0,0,0,1,0,0,0,0,0,3,0,1,1,0
خ,3,270,3π/2,0,1,0,0,1,0,0,0,1,0,0,0,0,0,3,1,1,1,0
د,1,90,π/2,0,0,0,0,0,0,0,0,0,0,0,0,1,1,0,0,0,1,0
ذ,1,90,π/2,0,1,0,0,0,0,0,0,0,0,0,0,1,1,0,1,0,1,0
ر,1,90,π/2,0,0,0,0,0,0,0,0,0,0,0,1,0,1,0,0,0,1,0
ز,1,90,π/2,0,1,0,0,0,0,0,0,0,0,0,1,0,1,0,1,0,1,0
س,4,360,2π,0,0,0,0,0,0,0,0,1,2,0,0,0,2,2,0,0,3,0
ش,4,360,2π,0,3,0,0,0,0,0,0,1,2,0,0,0,2,2,3,0,3,0
ص,6,540,3π,0,0,0,0,0,0,0,0,1,0,1,0,0,4,2,0,0,2,0
ض,6,540,3π,0,1,0,0,0,0,0,0,1,0,1,0,0,4,2,1,0,2,0
ط,4,360,2π,0,0,0,0,0,0,1,0,0,0,1,0,0,4,0,0,1,1,0
ظ,4,360,2π,0,1,0,0,0,0,1,0,0,0,1,0,0,4,0,1,1,1,0
ع,3,270,3π/2,0,0,0,0,0,0,0,0,1,1,0,0,0,1,2,0,0,2,0
غ,3,270,3π/2,0,1,0,0,0,0,0,0,1,1,0,0,0,1,2,1,0,2,0
ف,5,450,5π/2,0,1,0,0,0,0,0,0,0,0,1,1,0,5,0,1,0,2,0
ق,6,540,3π,0,2,0,0,0,0,0,0,1,0,1,0,0,4,2,2,0,2,0
ك,2,180,π,0,0,0,0,0,0,0,1,0,0,0,0,0,2,0,0,1,0,1
ل,1,90,π/2,0,0,0,0,1,0,0,0,1,0,0,0,0,0,1,0,1,1,0
م,4,360,2π,0,0,0,0,0,1,0,0,0,0,1,0,0,4,0,0,1,1,0
ن,2,180,π,0,1,0,0,0,0,0,0,1,0,0,0,0,0,2,1,0,1,0
و,5,450,5π/2,0,0,0,0,0,0,0,0,0,0,1,1,0,5,0,0,0,2,0
هـ,8,720,4π,0,0,0,0,0,1,0,0,0,0,2,0,0,8,0,0,1,2,0
ي,3,270,3π/2,2,0,0,0,0,0,0,0,1,0,0,1,0,1,2,2,0,2,0
